program_id,program_name,institution_name,country,region,currency_code,estimated_value_amount,repayment_required,program_type,target_sectors,duration_months,geographic_scope,eligibility_criteria,application_process,website_url,last_verified_date,notes,target_beneficiaries,age_restrictions,gender_focus,environmental_focus,innovation_focus,digital_focus,export_focus,minimum_employees,maximum_employees,minimum_revenue,maximum_revenue,collateral_required,interest_rate,grace_period_months,success_rate,total_beneficiaries,year_established,funding_source,application_deadline,language_requirements,technical_assistance,mentorship_available,networking_opportunities,training_provided,co_financing_required,verified,special_features,minimum_amount,maximum_amount,women_focused,youth_focused,agriculture_focused,green_climate_focused,export_support,technology_innovation,co_financing_available,last_updated,program_start_date,contact_email,contact_phone,language_support,digital_application,guarantee_coverage,verification_date,target_demographics,data_source_url
AE_DUBAI_001,UAE Dubai SME Fund Interest-Free Loan,Dubai SME Fund,United Arab Emirates,Middle_East,AED,1000000.0,True,Financial,All,36,Regional,UAE-based early-stage startups,Application via Dubai SME portal,https://dubaisme.ae/,2026-02-06,Up to 1M AED interest-free loans; loan repayment required; supports Dubai entrepreneurs,Startups|SMEs,,,False,True,False,False,0,50,0.0,0.0,Partial,0,0,,,2002,Dubai Government,Rolling,Arabic|English,True,True,True,True,False,True,,,,False,False,False,False,False,False,False,,,,,,False,,,,https://dubaisme.ae/
AE_MBR_001,UAE Mohammed bin Rashid Innovation Fund,Ministry of Finance UAE,United Arab Emirates,Middle_East,AED,20000000.0,True,Financial,Technology|Innovation,60,National,UAE-based innovative companies,Application via innovation fund portal,https://mof.gov.ae/,2026-02-06,2-20M AED per project; government guarantee scheme; no equity taken; affordable financing,SMEs,,,False,True,True,False,0,250,0.0,0.0,Partial,Variable,0,,,2018,UAE Government,Rolling,Arabic|English,True,True,True,False,True,True,,,,False,False,False,False,False,False,False,,,,,,False,,,,https://mof.gov.ae/
AR_BICE_001,Argentina BICE SME Financing Line,Banco de Inversion y Comercio Exterior,Argentina,Latin_America,ARS,3500000000.0,True,Financial,All,60,National,Argentine SMEs with viable projects,Application via BICE branch or financial intermediaries,https://www.bice.com.ar/,2026-02-06,Up to 3.5B ARS for SMEs; up to 80% financing of goods value; World Bank supported,SMEs,,,False,False,False,False,0,250,0.0,0.0,Yes,Variable,66,,,1992,World Bank|Argentine Government,Rolling,Spanish,True,False,True,False,True,True,,,,False,False,False,False,False,False,False,,,,,,False,,,,https://www.bice.com.ar/
AU_ABGF_001,Australia Business Growth Fund,Australian Business Growth Fund,Australia,Pacific,AUD,15000000.0,False,Financial,All,84,National,Australian SMEs with 2-100M AUD revenue and 3+ years profitability,Application via ABGF portal,https://abgf.com.au/,2026-02-06,5-15M AUD equity investment; no personal guarantees; clear growth strategy required,SMEs,,,False,False,False,False,0,500,2000000.0,100000000.0,No,0,0,,,2020,Private Sector|Banks,Rolling,English,True,True,True,False,False,True,,,,False,False,False,False,False,False,False,,,,,,False,,,,https://abgf.com.au/
BATCH5_AUS_001,SME Recovery Loan Scheme,Australian Government,Australia,Oceania,AUD,5000000.0,True,,All sectors,,National,Turnover under AUD 250M; affected by COVID-19,,,2026-02-06,Expanded scheme with higher guarantee coverage than earlier versions,,,,False,False,False,False,,,,,Partial,Variable,,,,,,Rolling,,False,False,False,False,False,False,80% government guarantee; repayment can begin up to 24 months after drawdown,,,False,False,False,False,False,False,False,,,,,,False,80%,,SMEs post-JobKeeper,https://www.morrows.com.au/changes-to-the-sme-recovery-loan-scheme-and-what-it-means-for-businesses/
BATCH5_AUT_014,AWS Guarantee and ERP Loan,Austria Wirtschaftsservice (AWS),Austria,Europe,EUR,,True,,Startup; Modernization; Growth; Innovation,,National,Austrian SMEs; startups or established firms,,,2026-02-06,Supports setup; modernization; growth and innovation,,,,False,False,False,False,,,,,Varies,Low-interest,,,,,,Rolling,,False,False,False,False,False,False,Loan guarantee up to 80% of loan amount; potential equity doubling via loan; over €50M funded annually,,,False,False,False,False,False,False,False,,,,,,False,Up to 80%,,Startups; SMEs,https://www.aws.at/en/aws-guarantee/
BATCH5_CHE_012,SECO Startup Fund,State Secretariat for Economic Affairs (SECO),Switzerland,Europe,CHF,,True,,Startups; Innovation,,National,Swiss startups; innovation-focused,,,2026-02-06,Supports startups to invest and tap new markets,,,,False,False,False,False,,,,,Varies,Concessional,,,,,,Rolling,,False,False,False,False,False,False,Strategic financing instrument of Swiss Government; promotes access to financing for companies,,,False,False,False,False,False,False,False,,,,,,False,Varies,,Startups; Early-stage SMEs,https://www.secostartupfund.ch/faq
BATCH5_CHE_013,SME Loan Guarantee by Cooperatives,SECO / Swiss Cooperatives,Switzerland,Europe,CHF,1000000.0,True,,All sectors,,National,Swiss SMEs up to CHF 1M loan,,,2026-02-06,Export financing and risk cover available,,,,False,False,False,False,,,,,Yes,Variable,,,,,,Rolling,,False,False,False,False,False,False,Cooperatives guarantee loans up to CHF 1 million; Confederation insures up to 65% of risk of loss,,,False,False,False,False,False,False,False,,,,,,False,65%,,SMEs,https://www.seco.admin.ch/seco/en/home/Standortfoerderung/KMU-Politik/Buergschaften_fuer_KMU.html
BATCH5_CHN_008,China National Loan Guarantee Program,Ministry of Finance / National Financing Guarantee Fund,China,Asia,CNY,500000000000.0,True,,All sectors; Private Investment,24,National,Private investment in equipment and raw materials; MSME eligibility,,,2026-02-06,Unveiled Jan 2026; fiscal-financial synergy to boost investment,,,,False,False,False,False,,,,,Varies,Preferential,,,,,,Two-year program,,False,False,False,False,False,False,CNY 500 billion (~$71.42B) loan-guarantee program for two years; supports private investment,,,False,False,False,False,False,False,False,,,,,,False,Varies,,MSMEs; Private sector,https://www.chinadaily.com.cn/a/202601/20/WS696f093fa310d6866eb34b8b.html
BATCH5_DEU_018,KfW ERP Start-up Loan – StartGeld,KfW Bankengruppe,Germany,Europe,EUR,125000.0,True,,Startups; Entrepreneurship,,National,German startups; operational ≤5 years; via regular banks,,,2026-02-06,Available for up to five years; supports investments and working capital,,,,False,False,False,False,,,,,Varies,Low-interest,,,,,,Rolling,,False,False,False,False,False,False,Up to €125K via regular banks; KfW covers 80% of loan; low-interest capital for investments and working capital,,,False,False,False,False,False,False,False,,,,,,False,80%,,Entrepreneurs; Startups,https://www.kfw.de/About-KfW/Newsroom/Latest-News/Pressemitteilungen-Details_313344.html
BATCH5_DNK_015,Vækstfonden – Danish Growth Fund,Danish Growth Fund (Vækstfonden),Denmark,Europe,DKK,40000000.0,False,,Innovation; Growth; Startups,,National,Danish SMEs and startups; innovative projects,,,2026-02-06,Provides capital and expertise to help SMEs grow; venture capital support,,,,False,False,False,False,,,,,Varies,Varies,,,,,,Varies by program,,False,False,False,False,False,False,State investment fund; grants typically DKK 5–40M per project; 1–5 year durations; co-financing varies,,,False,False,False,False,False,False,False,,,,,,False,Varies,,SMEs; Startups,https://nordicstartuphub.com/denmarkgov
BATCH5_IDN_011,KUR (Kredit Usaha Rakyat) – People's Business Credit,Bank Rakyat Indonesia (BRI) / Government of Indonesia,Indonesia,Asia,IDR,300000000000000.0,True,,Micro; SME; Agriculture,,National,MSMEs; micro-enterprises,,,2026-02-06,BRI targets 10–12% CAGR for micro/SME lending 2025–2026,,,,False,False,False,False,,,,,Minimal,6%,,,,,,Possible extension 2026,,False,False,False,False,False,False,IDR 300 trillion allocation (~$19B); 6% interest rate; government subsidy; mid-teens loan growth target,,,False,False,False,False,False,False,False,,,,,,False,Government subsidy,,MSMEs,https://www.kompas.id/artikel/en-pemerintah-siapkan-rp-300-triliun-untuk-kur-2026
BATCH5_ITA_019,Smart&Start Italia,Invitalia,Italy,Europe,EUR,,True,,Innovation; Technology; Startups,,National,Italian innovative startups; young and women entrepreneurs prioritized,,,2026-02-06,Targets young and women entrepreneurs; innovative startups,,,,False,False,False,False,,,,,Minimal,0% (Zero-interest),,,,,,Rolling,,False,False,False,False,False,False,Zero-interest loans; incentive to support creation and growth of startups; managed by Invitalia,,,False,False,False,False,False,False,False,,,,,,False,Varies,,Innovative startups; Young entrepreneurs,http://www.invitalia.it/en/incentives-and-tools/smartstart-italia
BATCH5_KWT_004,National Fund for SME Development,Kuwait National Fund,Kuwait,Middle East,KWD,10000000.0,True,,All sectors,,National,Kuwaiti citizen; age 21+; project capital up to KWD 500K; fully dedicated to project management,,,2026-02-06,Age and citizenship requirements; project management dedication mandatory,,,,False,False,False,False,,,,,Yes,Concessional,,,,,,Rolling,,False,False,False,False,False,False,Fund covers up to 80% of finance; banks provide remaining 20%; lending limits KWD 500K–10M,,,False,False,False,False,False,False,False,,,,,,False,Up to 80%,,Kuwaiti citizens age 21+,https://www.nationalfund.gov.kw/en/faq/
BATCH5_OMN_005,Riyada SME Executive Plan 2026-2030,SME Development Authority (Riyada),Oman,Middle East,OMR,,True,,All sectors; focus on competitiveness,,National,Registered SMEs; five eligibility categories,,,2026-02-06,Aligned with Oman fiscal recovery strategy,,,,False,False,False,False,,,,,Varies,Concessional,,,,,,Rolling applications,,False,False,False,False,False,False,Five-year executive roadmap launched Dec 2025; boosts financing and competitiveness,,,False,False,False,False,False,False,False,,,,,,False,Varies,,SMEs,https://sme.gov.om/en/servicedetails/?ID=0
BATCH5_SAU_003,SIDF AFAQ Program,Saudi Industrial Development Fund,Saudi Arabia,Middle East,SAR,,True,,Industrial; Manufacturing; SME Scale-Up,,National,Industrial projects; technical feasibility required,,,2026-02-06,Focus on industrial development and scale-up support,,,,False,False,False,False,,,,,Yes,Concessional,,,,,,Rolling,,False,False,False,False,False,False,Advisory services included; debt rescheduling for distressed factories; SIDF Academy training programs,,,False,False,False,False,False,False,False,,,,,,False,Partial,,Industrial SMEs,https://www.sidf.gov.sa/
BATCH5_SGP_009,Enterprise Development Grant (EDG),Enterprise Singapore,Singapore,Asia,SGD,,False,,All sectors; Sustainability projects prioritized,,National,Registered Singapore SMEs; qualifying project costs,,,2026-02-06,Sustainability projects receive higher funding rate,,,,False,False,False,False,,,,,No,,,,,,,1 April 2023 – 31 March 2026,,False,False,False,False,False,False,Funds up to 50% of qualifying costs; up to 70% for sustainability-related projects,,,False,False,False,False,False,False,False,,,,,,False,,,SMEs,https://www.enterprisesg.gov.sg/financial-support/enterprise-development-grant
BATCH5_SGP_010,Enterprise Financing Scheme – SME Working Capital,Enterprise Singapore,Singapore,Asia,SGD,,True,,All sectors,,National,Registered Singapore SMEs; operational cashflow needs,,,2026-02-06,Risk-sharing arrangement with participating financial institutions,,,,False,False,False,False,,,,,Yes,Variable,,,,,,Rolling,,False,False,False,False,False,False,Government co-shares risk up to 70%; helps SMEs finance operational cashflow,,,False,False,False,False,False,False,False,,,,,,False,Up to 70%,,SMEs,https://www.enterprisesg.gov.sg/financial-support/enterprise-financing-scheme---sme-working-capital
BATCH5_SWE_020,Almi Business Loan,Almi Företagspartner AB,Sweden,Europe,SEK,5000000.0,True,,All sectors,,National,Swedish SMEs up to 250 employees; all industries,,,2026-02-06,Available to SMEs across all industries in Sweden; complements other financing,,,,False,False,False,False,,,,,Yes,Variable,,,,,,Rolling,,False,False,False,False,False,False,Flexible loan for SMEs investing in development; expansion or new ventures; loans up to SEK 5M,,,False,False,False,False,False,False,False,,,,,,False,Varies,,SMEs,https://www.almi.se/en/loan/business-loan/
BATCH5_TUR_006,KOSGEB Digital Transformation Support,Small and Medium Enterprises Development Organization (KOSGEB),Turkey,Middle East,EUR,500000.0,False,,R&D; Innovation; Digital Transformation,,National,Business R&D and innovation projects,,,2026-02-06,Non-repayable grant support for digital transformation,,,,False,False,False,False,,,,,No,,,,,,,Varies by call,,False,False,False,False,False,False,Grants for business R&D and innovation; maximum grant EUR 100K–500K,,,False,False,False,False,False,False,False,,,,,,False,,,SMEs,https://stip.oecd.org/stip/interactive-dashboards/policy-initiatives/2025%2Fdata%2FpolicyInitiatives%2F200000714
BATCH5_TUR_007,Türkiye SME Capacity Development Loan,Credit Guarantee Fund (CGF) / KOSGEB,Turkey,Middle East,TRY,20000000.0,True,,Manufacturing; Capacity Development,36,National,Manufacturing SMEs; capacity expansion projects,,,2026-02-06,Launched as part of national manufacturing support package,,,,False,False,False,False,,,,,Varies,Concessional,,,,,,Rolling,,False,False,False,False,False,False,36-month loans up to TRY 20M; part of $2.3B funding package for manufacturing industry,,,False,False,False,False,False,False,False,,,,,,False,CGF guarantee,,SMEs,https://news.brief.tr/business/turkiye-launches-new-sme-capacity-development-program
BATCH5_UAE_002,Mohammed Bin Rashid Innovation Fund,Dubai SME / MOF UAE,United Arab Emirates,Middle East,AED,,True,,Innovation; Technology; Manufacturing,,Dubai,Registered UAE SMEs; innovative business model,,,2026-02-06,Combines innovation fund guarantee with Dubai SME asset funding,,,,False,False,False,False,,,,,Minimal,0%,,,,,,Rolling,,False,False,False,False,False,False,Government-backed guarantee for debt financing; interest-free asset funding up to 80% of asset value,,,False,False,False,False,False,False,False,,,,,,False,Government-backed,,Startups; SMEs,https://mof.gov.ae/en/about-ministry/our-partners/mohammed-bin-rashid-innovation-fund/
BATCH5_USA_016,SBA 7(a) Loan Program,U.S. Small Business Administration,United States,North America,USD,5000000.0,True,,All sectors,,National,U.S. small businesses; SBA eligibility criteria,,,2026-02-06,Maximum loan $5M; can be used for working capital; equipment; real estate,,,,False,False,False,False,,,,,Varies,Variable,,,,,,Rolling,,False,False,False,False,False,False,SBA's primary loan program; guarantee up to 85% for loans ≤$150K; 75% for loans >$150K,,,False,False,False,False,False,False,False,,,,,,False,Up to 85%,,Small businesses,https://www.sba.gov/funding-programs/loans/7a-loans
BATCH5_USA_017,SBA Microloan Program,U.S. Small Business Administration,United States,North America,USD,50000.0,True,,All sectors,,National,U.S. micro-enterprises and startups,,,2026-02-06,Working capital; inventory; supplies; equipment; machinery,,,,False,False,False,False,,,,,Varies,Variable,,,,,,Rolling,,False,False,False,False,False,False,Loans up to $50K; average loan ~$13K; provided through nonprofit intermediaries,,,False,False,False,False,False,False,False,,,,,,False,Intermediary-based,,Micro-enterprises; Startups,https://www.sba.gov/funding-programs/loans/microloans
BB_BIDC_001,Barbados BIDC Small Business Loan,Barbados Investment & Development Corporation,Barbados,Caribbean,BBD,50000.0,True,Financial/Loans,Manufacturing; Tourism; Services; Export; Agriculture,120,National,Barbadian citizens or residents; Business registration; Maximum 5 years in operation for startup support; Business plan submission,Contact BIDC offices; Submit loan application with business plan; Technical assistance available during application,http://www.sice.oas.org/SME_CH/BRB/Handbook_Financing_Technical_Asst_Other_Incentives_SMEs_e.pdf,,Step-up loan program - start at BBD 10K then qualify for larger amounts; Export incentives available,,,,False,False,False,False,,,,,Required for loans above BBD 10000,Variable market rate,3,,,,,Ongoing,,False,False,False,False,False,True,Specialist business development services; Export promotion programs; Initial loan BBD 10K builds credit profile for larger amounts; Technical assistance,1000.0,50000.0,False,False,False,False,True,False,True,2026-02-06,1992-01-01,bidc@bidc.org,+1-246-427-5350,English,False,0%,2026-02-06,,http://www.sice.oas.org/SME_CH/BRB/Handbook_Financing_Technical_Asst_Other_Incentives_SMEs_e.pdf
BD_PKSF_001,Bangladesh PKSF Sufolon Agriculture Loan,Palli Karma-Sahayak Foundation,Bangladesh,Asia,BDT,5000000.0,True,Microfinance,Agriculture|Agribusiness,24,National,Bangladeshi marginal and small farmers,Application via PKSF partner organizations,https://pksf.org.bd/,2026-02-06,Specialized loans for farmers and agro-enterprises; includes livelihood restoration loans,Smallholder_Farmers,,,False,False,False,False,0,10,0.0,0.0,Flexible,Variable,0,,,2005,Government|World Bank|IFAD,Rolling,Bengali|English,True,True,True,True,False,True,,,,False,False,False,False,False,False,False,,,,,,False,,,,https://pksf.org.bd/
BR_BNDES_001,Brazil BNDES MPME Innovation Financing,Brazilian Development Bank,Brazil,Latin_America,BRL,20000000.0,True,Financial,Technology|Innovation|All,120,National,Brazilian micro small and medium innovative enterprises,Application via BNDES partner financial institutions,https://www.bndes.gov.br/,2026-02-06,Up to 20M BRL per client per year; 10-year term; 3-48 month grace period,SMEs,,,False,True,False,False,0,250,0.0,0.0,Yes,Variable,48,,,1952,Federal Government|IDB,Rolling,Portuguese,True,False,False,False,True,True,,,,False,False,False,False,False,False,False,,,,,,False,,,,https://www.bndes.gov.br/
BS_SBDC_001,Bahamas Small Business Loan Guarantee,Small Business Development Centre,Bahamas,Caribbean,BSD,1000000.0,True,Financial/Loans,Manufacturing; Tourism; Services; Agriculture; Fisheries,84,National,Bahamian citizens; Business operational or startup with solid plan; All islands of Bahamas eligible,Online application at SBDC website; Business plan review; Loan guarantee approval,https://sbdcbahamas.com/programmes/,,Access Accelerator flagship program; Grant + loan + equity funding available; Cat Island special initiatives,,,,False,False,False,False,,,,,Reduced - 90% guarantee coverage,Market rate at participating banks,6,,,,,Ongoing,,False,False,False,False,False,True,Guarantees up to 90% of business loans up to BSD 1M; Grant and equity funding also available; Support across all Bahamas islands; Concessionary interest rates,10000.0,1000000.0,False,False,True,False,False,False,True,2026-02-06,2018-01-01,info@sbdcbahamas.com,+1-242-502-0920,English,True,90%,2026-02-06,,https://sbdcbahamas.com/programmes/
CA_BDC_001,Canada BDC Small Business Loan,Business Development Bank of Canada,Canada,North_America,CAD,350000.0,True,Financial,All,60,National,Canadian businesses with 12+ months operation,Online application via BDC portal,https://www.bdc.ca/,2026-02-06,Up to 100K fast approval; up to 350K with tailored support; flexible terms,SMEs,,,False,False,False,False,0,500,0.0,0.0,Partial,Variable,0,,,1944,Canadian Government,Rolling,English|French,True,True,True,False,False,True,,,,False,False,False,False,False,False,False,,,,,,False,,,,https://www.bdc.ca/
CA_BDC_002,Canada BDC Business Accelerator Loan,Business Development Bank of Canada,Canada,North_America,CAD,500000.0,True,Financial,All,72,National,Canadian businesses with 12+ months operation,Application via participating financial institutions,https://www.bdc.ca/,2026-02-06,25K-500K with BDC guarantee; helps FIs offer loans to businesses; 1% BDC guarantee fee,SMEs,,,False,False,False,False,0,500,0.0,0.0,Reduced,Variable,0,,,2021,Canadian Government,Rolling,English|French,True,False,True,False,True,True,,,,False,False,False,False,False,False,False,,,,,,False,,,,https://www.bdc.ca/
CL_CORFO_001,Chile CORFO FOGAPE Credit Guarantee,Corporation for Production Promotion Chile,Chile,Latin_America,CLP,320000000.0,True,Financial,All,36,National,Chilean SMEs seeking bank loans,Application via participating banks,https://www.corfo.cl/,2026-02-06,Guarantees up to 10x fund amount; avg loan 320 UF (~7500 USD); reduces collateral requirements,SMEs,,,False,False,False,False,0,200,0.0,0.0,Reduced,Variable,0,,,1939,Chilean Government,Rolling,Spanish,True,False,False,False,False,True,,,,False,False,False,False,False,False,False,,,,,,False,,,,https://www.corfo.cl/
CN_MOF_001,China MSME Interest Subsidy Program,Ministry of Finance China,China,Asia,CNY,50000000.0,True,Financial,Services|All,24,National,Chinese MSMEs with loans from Jan 2026,Application via participating banks,https://english.www.gov.cn/news/,2026-02-06,1.5% annual subsidy for up to 2 years; max loan 50M CNY eligible for subsidy,SMEs,,,False,False,False,False,0,,0.0,0.0,Yes,Variable,0,,,2026,Central Government,2026-12-31,Chinese,False,False,False,False,False,True,,,,False,False,False,False,False,False,False,,,,,,False,,,,https://english.www.gov.cn/news/
CO_BANCOLDEX_001,Colombia Bancoldex SME Direct Lending,Bancoldex,Colombia,Latin_America,COP,5000000000.0,True,Financial,All,60,National,Colombian SMEs with annual revenue up to 200M COP,Application via Bancoldex regional offices,https://www.bancoldex.com/,2026-02-06,Direct lending for SMEs; 15% of portfolio; aims to grow to 40% by 2026,SMEs,,,False,False,False,False,0,250,0.0,200000000.0,Yes,Variable,12,,,1992,Colombian Government|AFD,Rolling,Spanish,True,False,True,False,True,True,,,,False,False,False,False,False,False,False,,,,,,False,,,,https://www.bancoldex.com/
CR_SBD_001,Costa Rica Development Banking SME Loan,Sistema de Banca para el Desarrollo,Costa Rica,Latin_America,CRC,50000000.0,True,Financial,All,60,National,Costa Rican SMEs registered with MEIC,Application via development banking institutions,https://www.meic.go.cr/,2026-02-06,Via Development Banking System for viable projects; includes FODEMIPYME guarantees,SMEs,,,False,False,False,False,0,200,0.0,0.0,Partial,Variable,0,,,2008,Costa Rican Government,Rolling,Spanish,True,False,True,True,False,True,,,,False,False,False,False,False,False,False,,,,,,False,,,,https://www.meic.go.cr/
DE_DENA_001,SET Hub Mentoring Program,German Energy Agency (dena),Germany,Europe,EUR,0.0,False,Technical_Resources,Clean_Energy|Climate_Tech,12,International,Energy transition startups,Online application via SET Hub,https://www.dena.de/en/projects/set-hub/,2026-02-06,Free end-to-end support with networking and consultations,Startups,,,True,True,True,False,0,50,0.0,0.0,No,0,0,,450,2020,Federal Ministry for Economic Affairs and Climate Action,Rolling,English|German,True,True,True,True,False,True,,,,False,False,False,False,False,False,False,,,,,,False,,,,https://www.dena.de/en/projects/set-hub/
DE_KFW_002,ERP Start-up Loan StartGeld,KfW Development Bank,Germany,Europe,EUR,200000.0,True,Financial,All,120,National,German startups and young companies within 5 years,Application via house bank,https://www.kfw.de/inlandsfoerderung/Companies/,2026-02-06,Up to 200000 EUR starting Dec 2025; includes 2 years repayment-free,SMEs|Startups,,,False,False,False,False,0,50,0.0,50000000.0,Partial,Variable,24,,,1948,Federal Government,Rolling,German,True,False,False,False,True,True,,,,False,False,False,False,False,False,False,,,,,,False,,,,https://www.kfw.de/inlandsfoerderung/Companies/
DE_KFW_003,ERP Digitalization and Innovation Loan,KfW Development Bank,Germany,Europe,EUR,25000000.0,True,Financial,Technology|Manufacturing|All,60,National,German SMEs with creditworthiness proof,Application via house bank,https://www.kfw.de/inlandsfoerderung/Companies/,2026-02-06,Min 25000 EUR up to 25M EUR per project; supports innovation and digital transformation,SMEs,,,False,True,True,False,0,500,0.0,125000000.0,Yes,Variable,12,,,1948,Federal Government|ERP Special Fund,Rolling,German,True,False,False,False,True,True,,,,False,False,False,False,False,False,False,,,,,,False,,,,https://www.kfw.de/inlandsfoerderung/Companies/
DO_ADOPEM_001,ADOPEM Microfinance Loans,Banco ADOPEM / IFC Support,Dominican Republic,Caribbean,DOP,450000000.0,True,Microfinance,Microenterprises; Agriculture; Services; Trade,84,National,Dominican Republic entrepreneurs; Microenterprise classification; Women and underserved communities priority; No high credit requirements,Visit ADOPEM branch; Submit basic business information; Microfinance lending criteria,https://disclosures.ifc.org/project-detail/SII/37282/adopem-loan,,Gender bond launched March 2024 with IDB Invest; EIB EUR 10M facility for micro-borrowers,,,,False,False,False,False,,,,,Minimal - group lending and social collateral,18-24% per annum,0,,,,,Ongoing,,False,False,False,False,False,True,IFC local currency loan DOP 450M (~USD 10M); Gender bond focus on women entrepreneurs; Part of BBVA Microfinance Foundation; EIB support,5000.0,500000.0,True,False,False,False,False,False,False,2026-02-06,1997-01-01,info@adopem.org,+1-809-542-6464,Spanish,False,0%,2026-02-06,,https://disclosures.ifc.org/project-detail/SII/37282/adopem-loan
EC_GOV_001,Ecuador Green Loan Scheme for SMEs,Government of Ecuador,Ecuador,Latin_America,USD,10000000.0,True,Financial,Agriculture|Clean_Energy|All,60,National,Ecuadorian SMEs investing in green/sustainable projects,Application via participating banks,https://www.finanzas.gob.ec/,2026-02-06,800M USD total scheme; reduced interest rates; longer repayment; flexible collateral for green loans,SMEs,,,True,False,False,False,0,200,0.0,0.0,Flexible,Variable,12,,,2024,Government|Development Partners,Rolling,Spanish,True,False,False,True,False,True,,,,False,False,False,False,False,False,False,,,,,,False,,,,https://www.finanzas.gob.ec/
ET_DBE_001,Ethiopia Development Bank Project Financing,Development Bank of Ethiopia,Ethiopia,Africa,ETB,100000000.0,True,Financial,Agriculture|Manufacturing|All,120,National,Ethiopian citizens and foreign nationals with viable projects,Application via DBE head office or branches,https://dbe.com.et/,2026-02-06,Credit for financially and economically viable projects; thorough appraisal required,SMEs,,,False,False,False,False,0,,0.0,0.0,Yes,Variable,12,,,1909,Ethiopian Government,Rolling,Amharic|English,True,False,False,False,True,True,,,,False,False,False,False,False,False,False,,,,,,False,,,,https://dbe.com.et/
FIN_BF_001,Business Finland Tempo Grant,Business Finland,Finland,Europe,EUR,60000.0,False,Financial,Technology|Manufacturing|Export,12,National,Finnish SMEs purchasing expert services for internationalization,Online application via Business Finland e-service,https://www.businessfinland.fi/en/services/funding/funding-services/Tempo-Funding/,2026-02-06,Max 60000 EUR grant covering 75% of costs up to 80000 EUR total; requires Suomi.fi authorization,SMEs,,,False,True,False,True,0,250,0.0,50000000.0,No,0,0,,,2018,Finnish Government,2025-10-03,Finnish,True,False,False,True,True,True,,,,False,False,False,False,False,False,False,,,,,,False,,,,https://www.businessfinland.fi/en/services/funding/funding-services/Tempo-Funding/
FJ_FDB_001,Fiji Development Bank SME Sustainability Package,Fiji Development Bank,Fiji,Pacific,FJD,200000.0,True,Financial,Agriculture|All,60,National,Fijian SMEs with turnover under 1.25M FJD and 2+ years operation,Online or branch application,https://www.fdb.com.fj/,2026-02-06,5K-200K FJD; 3.99% interest; max 15% deposit; up to 5-year repayment; agriculture focus available,SMEs,,,True,False,False,False,0,100,50000.0,1250000.0,Partial,3.99,0,,,1967,Fijian Government,Rolling,English,True,False,False,True,False,True,,,,False,False,False,False,False,False,False,,,,,,False,,,,https://www.fdb.com.fj/
FJ_FDB_002,Fiji Development Bank Agriculture Loan,Fiji Development Bank,Fiji,Pacific,FJD,5000000.0,True,Financial,Agriculture,180,National,Fijian farmers with 2+ years experience and viable projects,Branch application with farm development plan,https://www.fdb.com.fj/,2026-02-06,Up to 15-year term; min 10% equity; includes beef dairy livestock and crop farming; up to 5M FJD,Farmers,,,False,False,False,False,0,50,0.0,0.0,Yes,Variable,12,,,1967,Fijian Government,Rolling,English,True,False,False,True,False,True,,,,False,False,False,False,False,False,False,,,,,,False,,,,https://www.fdb.com.fj/
FM_FSMDB_001,FSMDB SME Business Term Loans,FSM Development Bank,Micronesia (Federated States),Pacific Islands,USD,100000.0,True,Financial/Loans,Agriculture; Renewable energy; SME; Manufacturing; Energy-efficient housing,84,National,FSM citizens and businesses; Business operational or credible startup plan; Collateral provision; Financial statements; Environmental compliance for agri projects,Apply online or visit FSMDB branch; Submit business plan and financial projections; EIB SME facility criteria,https://www.fsmdb.fm/fsmdb-products/business-term-loans/,,Small Business Guarantee Program in Yap/Pohnpei; EIB project 20180323 SME facility; Green Climate Fund accredited entity; Lines of credit 1-year revolving,,,,False,False,False,False,,,,,Required - movable assets via PPSR or land,Variable - preferential rates for priority sectors,6,,,,,Ongoing,,False,False,False,False,False,True,EIB credit facility for SME focus (micro and small enterprises); Agri value chain financing; Green Climate Fund accreditation; Renewable energy support; Term loans 1+ years,5000.0,100000.0,False,False,True,True,False,False,True,2026-02-06,1980-01-01,info@fsmdb.fm,+691-320-2480,English,True,0%,2026-02-06,,https://www.fsmdb.fm/fsmdb-products/business-term-loans/
FR_BPI_001,Bpifrance Long-term Equipment Loan,Bpifrance,France,Europe,EUR,15000000.0,True,Financial,Manufacturing|Technology|All,180,National,French SMEs and mid-caps,Application via Bpifrance regional office,https://www.bpifrance.com/products/financing/,2026-02-06,15+ year loans for equipment property or movable assets; supports innovation and carbon-free production,SMEs|Mid-caps,,,True,True,False,True,0,250,0.0,50000000.0,Yes,Variable,12,,,2013,French Government,Rolling,French,True,False,True,False,True,True,,,,False,False,False,False,False,False,False,,,,,,False,,,,https://www.bpifrance.com/products/financing/
GD_GDB_001,Grenada Development Bank Business Loans,Grenada Development Bank,Grenada,Caribbean,XCD,50000.0,True,Financial/Loans,Agriculture; Fisheries; Agro-processing; Tourism; Manufacturing,120,National,Grenadian citizens and residents; Business plan; Existing or startup businesses; Priority sectors eligible,Download application forms; Visit GDB office; Submit business plan and collateral documents,https://grenadadevelopmentbank.com/business-loans.html,,Unsecured loan threshold increased to XCD 10K; Agriculture/fisheries priority; World Bank MSME support available,,,,False,False,False,False,,,,,Required - flexible arrangements,Variable - preferential rates available,12,,,,,Ongoing,,False,False,False,False,False,True,Maximum loan XCD 50K; Minimum XCD 1K; Up to 10 years repayment plus grace period; Small Business Development Fund available; COVID-19 support packages,1000.0,50000.0,False,False,True,False,False,False,True,2026-02-06,1979-01-01,info@grenadadevelopmentbank.com,+1-473-440-2731,English,False,0%,2026-02-06,,https://grenadadevelopmentbank.com/business-loans.html
GH_NBSSI_001,Ghana NBSSI MASLOC Loan Scheme,National Board for Small Scale Industries,Ghana,Africa,GHS,10000.0,True,Microfinance,All,36,National,Ghanaian micro and small enterprises,Application via NBSSI Business Advisory Centre,https://www.ghanaweb.com/,2026-02-06,Individual loans 1000-10000 GHS; 3-year repayment; 20% interest rate,Micro_Enterprises|SMEs,,,False,False,False,False,0,20,0.0,0.0,Partial,20,0,,,2006,Government of Ghana,Rolling,English,True,True,True,True,False,True,,,,False,False,False,False,False,False,False,,,,,,False,,,,https://www.ghanaweb.com/
GLOBAL_AFDB_001,African Development Bank Agri-SME Finance,African Development Bank,Multiple,Global,USD,1750000.0,True,Financial,Agriculture|Agribusiness,60,Africa,African agri-SMEs via participating financial institutions,Application via AfDB partner financial institutions,https://www.afdb.org/,2026-02-06,25K-1.75M USD per loan; blended finance; concessional loans; technical assistance for agri-food SMEs,Agri-SMEs,,,False,False,False,False,0,250,0.0,0.0,Yes,Variable,12,,,1964,AfDB|Development Partners,Rolling,English|French,True,True,True,True,True,True,,,,False,False,False,False,False,False,False,,,,,,False,,,,https://www.afdb.org/
GLOBAL_EBRD_001,EBRD Women in Business Program,European Bank for Reconstruction and Development,Multiple,Global,USD,1000000.0,True,Financial,Manufacturing|Agriculture|All,60,Emerging_Markets,Women-led MSMEs in 20 participating countries,Application via EBRD partner banks in country,https://www.ebrd.com/home/what-we-do/products-and-services/support-for-start-ups-and-msmes/our-programmes/women-in-business.html,2026-02-06,Credit enhancement mechanism; longer maturities and reduced collateral; includes non-financial services,Women_Entrepreneurs,,Women,False,False,False,False,0,250,0.0,0.0,Reduced,Variable,0,,,2014,EBRD|Development Partners,Rolling,English|Local,True,True,True,True,False,True,,,,False,False,False,False,False,False,False,,,,,,False,,,,https://www.ebrd.com/home/what-we-do/products-and-services/support-for-start-ups-and-msmes/our-programmes/women-in-business.html
GLOBAL_IFC_002,IFC MSME Financing Facility,International Finance Corporation,Multiple,Global,USD,50000000.0,True,Financial,All,60,Emerging_Markets,MSMEs in IFC countries via financial intermediaries,Application via IFC partner financial institutions,https://www.ifc.org/,2026-02-06,Up to 50M USD via financial institutions; 50% risk sharing; includes technical assistance,MSMEs,,,False,False,False,False,0,250,0.0,0.0,Yes,Variable,12,,,1956,World Bank Group,Rolling,English,True,True,True,True,True,True,,,,False,False,False,False,False,False,False,,,,,,False,,,,https://www.ifc.org/
GY_IPED_001,IPED Microfinance Loans,Institute of Private Enterprise Development,Guyana,Caribbean,GYD,5000000.0,True,Microfinance,Micro and small enterprises; Agriculture; Services; Trade; Manufacturing,60,National,Guyanese residents; Valid ID and proof of address; TIN certificate; Acceptable credit history; Environmental permits if applicable,Download application online; Visit IPED office; Submit loan application with supporting documents,https://ipedgy.com/loans/,,USD 200M SME Development Bank announced by Government for 2026; IDB Invest partnership diversifies funding sources,,,,False,False,False,False,,,,,Required - property/assets,Market rate - competitive,0,,,,,Ongoing,,False,False,False,False,False,True,"IDB Invest USD 5M loan partnership (Jan 2026); Focus on women, youth and rural entrepreneurs; Financial literacy support; Microfinance specialist",50000.0,5000000.0,True,True,True,False,False,False,False,2026-02-06,1986-01-01,info@ipedgy.com,+592-226-4054,English,True,0%,2026-02-06,,https://ipedgy.com/loans/
ID_BRI_001,Bank Rakyat Indonesia KUR Super Micro,Bank Rakyat Indonesia,Indonesia,Asia,IDR,10000000.0,True,Microfinance,Agriculture|All,12,National,Indonesian micro entrepreneurs,Application via BRI branch,https://bri.co.id/,2026-02-06,Subsidized 6% interest rate by government; max 10M IDR; no collateral up to 3M IDR,Micro_Enterprises,,,False,False,False,False,0,10,0.0,0.0,No,6,0,,,1895,Government|BRI,Rolling,Indonesian,False,False,False,False,False,True,,,,False,False,False,False,False,False,False,,,,,,False,,,,https://bri.co.id/
IN_MUDRA_001,Pradhan Mantri MUDRA Yojana,Micro Units Development and Refinance Agency,India,Asia,INR,2000000.0,True,Microfinance,Manufacturing|Trading|Services,60,National,Indian non-corporate micro enterprises in non-farm sectors,Application via participating banks and MFIs,https://www.mudra.org.in/offerings,2026-02-06,Three categories: Shishu up to 50000; Kishor 50000-500000; Tarun above 500000; collateral-free,Micro_Enterprises,,,False,False,False,False,0,10,0.0,0.0,No,Variable,0,,,2015,Government of India,Rolling,Hindi|English,True,False,True,True,False,True,,,,False,False,False,False,False,False,False,,,,,,False,,,,https://www.mudra.org.in/offerings
JM_EXIM_001,EXIM Bank Jamaica SME Growth Initiative,Export-Import Bank of Jamaica,Jamaica,Caribbean,JMD,10000000.0,True,Financial/Loans,Export; Manufacturing; Services; Agriculture processing,60,National,Annual revenue under JMD 360M; Net worth below JMD 100M; Valid export contracts or potential; Tax compliance certificate,Apply online or at branch; Submit financial statements and export plan; 80% loan guarantee through JMMB partnership,https://eximbankja.com/loans/sme-growth-initiative/,,Simplified requirements - no audited financials needed for EXIM Express; Export promotion focus,,,,False,False,False,False,,,,,Reduced - 80% guarantee coverage available,8-10% per annum,3,,,,,Ongoing,,False,False,False,False,False,True,80% loan guarantee for qualifying SMEs; Export credit facility; Pre-shipment and post-shipment financing; EXIM Express for simplified access,500000.0,10000000.0,False,False,False,False,True,False,True,2026-02-06,2015-01-01,info@eximbankja.com,+1-876-960-9288,English,True,80%,2026-02-06,,https://eximbankja.com/loans/sme-growth-initiative/
JO_EIB_001,Jordan EIB SME Loan Facility,European Investment Bank,Jordan,Middle_East,JOD,20000000.0,True,Financial,All,84,National,Jordanian SMEs and mid-caps,Application via participating Jordanian banks,https://www.eib.org/,2026-02-06,20M JOD facility via local banks; supports SME and mid-cap investments; EIB co-financed,SMEs|Mid-caps,,,False,False,False,False,0,250,0.0,0.0,Yes,Variable,12,,,2019,European Investment Bank,Rolling,Arabic|English,True,False,False,False,True,True,,,,False,False,False,False,False,False,False,,,,,,False,,,,https://www.eib.org/
KE_KWFT_001,KWFT Mwamba Individual Business Loan,Kenya Women Finance Trust,Kenya,Africa,KES,5000000.0,True,Microfinance,Retail|Services|All,12,National,Kenyan women entrepreneurs,Application via KWFT branch,https://kwftbank.com/business-loans/,2026-02-06,No group requirements; fast processing; flexible security; no hidden charges,Women_Entrepreneurs,,Women,False,False,False,False,0,50,0.0,0.0,Flexible,Variable,0,,,1981,Private Sector|Development Partners,Rolling,English|Swahili,False,False,True,True,False,True,,,,False,False,False,False,False,False,False,,,,,,False,,,,https://kwftbank.com/business-loans/
KE_YEDF_001,Kenya Youth Enterprise Development Fund,Youth Enterprise Development Fund,Kenya,Africa,KES,5000000.0,True,Financial,All,24,National,Kenyan youth aged 18-35 individuals or registered groups,Application via YEDF county office,https://www.youthfund.go.ke/,2026-02-06,200000-1M KES for existing youth-owned businesses; includes Inua loans and LPO/LSO financing,Youth,18-35,,False,True,False,False,0,,0.0,0.0,Flexible,Variable,0,,,2006,Kenyan Government,Rolling,English|Swahili,True,True,True,True,False,True,,,,False,False,False,False,False,False,False,,,,,,False,,,,https://www.youthfund.go.ke/
KG_RKFR_001,Kyrgyzstan SME Concessional Lending,Financial Policy Department / RKFR Fund,Kyrgyzstan,Central Asia,KGS,2000000.0,True,Financial/Loans,Manufacturing; Agriculture; Tourism; Services,60,National,Existing business with operational history; Clean tax compliance; Kyrgyz citizenship or residency,Apply through participating banks; Provide collateral documentation; RKFR approval within 20 days,https://eldik.kg/en/credits/kredity-dlya-malogo-i-srednego-biznesa-v-ramkah-pr,,World Bank $50M additional financing for MSME emergency support; Maximum loan 2M KGS,,,,False,False,False,False,,,,,Maximum 15000 USD or 1M KGS for loans under 2M KGS,7-10% subsidized,0,,,,,Ongoing,,False,False,False,False,False,True,Interest-free loans up to 1M KGS for qualifying startups; Subsidized rates through RKFR; Support from FINCA and other MFIs,100000.0,2000000.0,False,True,True,False,False,False,True,2026-02-06,2020-01-01,info@mf.gov.kg,+996-312-66-16-27,"Kyrgyz, Russian, English",True,50%,2026-02-06,,https://eldik.kg/en/credits/kredity-dlya-malogo-i-srednego-biznesa-v-ramkah-pr
KI_DBK_001,Kiribati Development Bank Business Loans,Development Bank of Kiribati,Kiribati,Pacific Islands,AUD,10000.0,True,Financial/Loans,Small business; Fishing; Agriculture; Trade; Services,60,National,Kiribati citizens; Birth certificate or passport; Business plan for new businesses; KHC/ANZ loan statement if applicable; Business registration,Download loan package checklist from DBK website; Submit application with AUD 20 fee; Visit DBK office,https://www.dbk.com.ki/our-services/services,,Application fee AUD 20; Loan package awareness training on outer islands (e.g. Butaritari); Small Enterprise Development Act 2001 framework,,,,False,False,False,False,,,,,Required - varies by loan type,Variable,0,,,,,Ongoing,,False,False,False,False,False,True,New business loans max AUD 10K; Existing business expansion loans available; First-time business support; Agriculture/fishing priority sectors,1000.0,10000.0,False,False,True,False,False,False,False,2026-02-06,1987-01-01,dbk@dbk.com.ki,+686-21-179,English,False,0%,2026-02-06,,https://www.dbk.com.ki/our-services/services
KZ_DAMU_001,DAMU Fund SME Guarantee Program,DAMU Entrepreneurship Development Fund,Kazakhstan,Central Asia,KZT,3500000000.0,True,Financial/Loans,Manufacturing; Agriculture; Services; Trade,120,National,Micro and small businesses operational for at least 3 years; Clean credit history; 20% own participation,Apply through partner banks with DAMU guarantee; Submit business plan and financial statements; Guarantee approval within 30 days,https://damu.kz/en/,,Part of national SME support program under Baiterek Holding; Maximum guarantee coverage 3.5B KZT,,,,False,False,False,False,,,,,Up to 15% of project cost (85% guaranteed by DAMU),7-8% subsidized rate,0,,,,,Ongoing,,False,False,False,False,False,True,"Guarantees up to 85% of loan amount, maximum 3.5 billion KZT; Subsidized interest rates; No collateral required for guaranteed portion",20000000.0,3500000000.0,False,False,True,False,False,False,True,2026-02-06,2010-01-01,info@damu.kz,+7-727-244-55-77,"Kazakh, Russian, English",True,85%,2026-02-06,,https://damu.kz/en/
LC_SLDB_001,Saint Lucia MSME Loan-Grant Facility,Saint Lucia Development Bank / CDB,Saint Lucia,Caribbean,XCD,5000000.0,False,Financial/Loans,Tourism; Agriculture; Manufacturing; Services; Technology,36,National,Saint Lucian citizens; Annual revenue under XCD 2M; Fewer than 50 employees; Adequate cash flow (1.25:1 debt service ratio); Valid business registration,Apply through participating banks or SLDB; Submit business plan; Grant + loan package evaluation,https://opm.govt.lc/news/deadline-extended-for-targeted-phase-of-msme-loan-grant-facility,,Targeted phase deadline extended to March 2026; Caribbean Development Bank partnership; Grant + affordable loan model,,,,False,False,False,False,,,,,Reduced - ECPCGC guarantees up to 80%,Concessional rates for loan component,3,,,,,2026-03-31,,False,False,False,False,False,True,Hybrid grant + loan facility; XCD 8.4M disbursed (XCD 6M grants + XCD 2.5M loans); 738 businesses approved; EIB XCD 13.5M partnership; ECPCGC guarantee,5000.0,200000.0,False,False,False,False,False,False,True,2026-02-06,2023-01-01,msme@sldb.lc,+1-758-452-3234,English,True,80%,2026-02-06,,https://opm.govt.lc/news/deadline-extended-for-targeted-phase-of-msme-loan-grant-facility
MA_CCG_001,Morocco Central Guarantee Fund SME Guarantee,Caisse Centrale de Garantie,Morocco,Africa,MAD,10000000.0,True,Financial,All,60,National,Moroccan MSMEs seeking bank financing,Application via participating financial institutions,https://www.finances.gov.ma/,2026-02-06,60% guarantee coverage; max 10M MAD ceiling; facilitates access to financing for SMEs,MSMEs,,,False,False,False,False,0,250,0.0,0.0,Reduced,Variable,0,,,1949,Moroccan Government,Rolling,Arabic|French,True,False,False,False,False,True,,,,False,False,False,False,False,False,False,,,,,,False,,,,https://www.finances.gov.ma/
MH_MIDB_001,Marshall Islands Development Bank SME Loans,Marshall Islands Development Bank,Marshall Islands,Pacific Islands,USD,50000.0,True,Financial/Loans,Small business; Agriculture; Fishing; Tourism; Housing,60,National,Marshall Islands citizens; Valid business registration; Business plan for SME loans; Clean credit record; USDA Self-Help program criteria for housing,Contact MIDB offices in Majuro; Submit loan application with business plan; MIDB board approval,https://www.rmioag.com/wp-content/uploads/2023/03/MIDB_fs21-Final-Dec-30-2022.pdf,,BOMI micro loan expansion agreement expected 2026 to double funding; Outer island focus; USDA partnership for housing loans,,,,False,False,False,False,,,,,Required,Variable - concessional for priority sectors,3,,,,,Ongoing,,False,False,False,False,False,True,SME Business Loan Program; USDA Self-Help Housing Project loans; Micro loan expansion in partnership with BOMI; Focus on outer islands; Time deposits support bank lending,2000.0,50000.0,False,False,True,False,False,False,True,2026-02-06,1988-01-01,info@midb.org,+692-625-3377,English,False,0%,2026-02-06,,https://www.rmioag.com/wp-content/uploads/2023/03/MIDB_fs21-Final-Dec-30-2022.pdf
MX_NAFIN_001,Mexico NAFIN SME Credit Scheme,Nacional Financiera,Mexico,Latin_America,MXN,15000000.0,True,Financial,All|Manufacturing,60,National,Mexican SMEs legally established with min 12% financing access target,Application via NAFIN partner banks,https://www.nafin.com/,2026-02-06,Preferential conditions for micro and small enterprises; aims to raise SME financing from 12% to 30% by 2030,SMEs,,,False,False,False,False,0,250,0.0,0.0,Yes,Variable,0,,,1934,Mexican Government,Rolling,Spanish,True,False,True,True,False,True,,,,False,False,False,False,False,False,False,,,,,,False,,,,https://www.nafin.com/
MX_NAFIN_002,Mexico NAFIN Eco Sustainable Credit,Nacional Financiera,Mexico,Latin_America,MXN,15000000.0,True,Financial,Clean_Energy|Manufacturing,60,National,Mexican SMEs investing in energy efficiency and sustainability,Online application via NAFIN portal with questionnaire,https://www.nafin.com/,2026-02-06,Up to 15M MXN for energy efficiency projects; green financing scheme,SMEs,,,True,True,False,False,0,250,0.0,0.0,Yes,Variable,0,,,2023,Mexican Government,Rolling,Spanish,True,False,False,True,False,True,,,,False,False,False,False,False,False,False,,,,,,False,,,,https://www.nafin.com/
MY_SMEBANK_001,Malaysia SME Bank Social Enterprise Financing,SME Bank Malaysia,Malaysia,Asia,MYR,10000000.0,True,Financial,All,180,National,Malaysian social enterprises registered with SSM,Application via SME Bank branch,https://www.smebank.com.my/,2026-02-06,Min 2M MYR max 10M MYR; up to 15 years tenure; includes working capital and CAPEX,SMEs|Social_Enterprises,,,False,False,False,False,0,200,0.0,0.0,Yes,Variable,12,,,2005,Malaysian Government,Rolling,Malay|English,True,False,True,False,False,True,,,,False,False,False,False,False,False,False,,,,,,False,,,,https://www.smebank.com.my/
NG_ACCESS_001,Access Bank SME Cash Flow Loan,Access Bank Nigeria,Nigeria,Africa,NGN,10000000.0,True,Financial,All,12,National,Nigerian existing or new business customers,Application via Access Bank branch or online,https://www.accessbankplc.com/business/sme-banking/loans,2026-02-06,1M-10M NGN; no collateral required; competitive rates,SMEs,,,False,False,False,False,0,,0.0,0.0,No,Variable,0,,,1989,Private Sector,Rolling,English,False,False,False,False,False,True,,,,False,False,False,False,False,False,False,,,,,,False,,,,https://www.accessbankplc.com/business/sme-banking/loans
NG_BOI_001,Bank of Industry Agric Processing Fund,Bank of Industry Nigeria,Nigeria,Africa,NGN,50000000.0,True,Financial,Agriculture|Agro_Processing,60,National,Nigerian LLCs enterprises and cooperatives in agro-processing,Application via BDSPs after mandatory entrepreneurship training,https://www.boi.ng/access-boi-capital-fund-for-agricultural-product-processing/,2026-02-06,9% interest rate; 5-year tenor; 6-month moratorium; linked to Staple Crop Processing Zones,SMEs|Cooperatives,,,False,False,False,False,0,,0.0,0.0,Yes,9,6,,,2010,Nigerian Government,Rolling,English,True,False,False,True,False,True,,,,False,False,False,False,False,False,False,,,,,,False,,,,https://www.boi.ng/access-boi-capital-fund-for-agricultural-product-processing/
NG_NIRSAL_001,NIRSAL Microfinance AGSMEIS Loan,NIRSAL Microfinance Bank,Nigeria,Africa,NGN,3000000.0,True,Microfinance,Agriculture|Agribusiness,36,National,Nigerian citizens or registered Nigerian businesses,Application via NIRSAL MFB branch after entrepreneurship training,https://nmfb.com.ng/,2026-02-06,Up to 3M NGN at 9% per annum; mandatory CBN-certified entrepreneurship training required,Micro_Enterprises|SMEs,,,False,False,False,False,0,100,0.0,0.0,Partial,9,0,,,2018,Central Bank of Nigeria,Rolling,English,True,False,False,True,False,True,,,,False,False,False,False,False,False,False,,,,,,False,,,,https://nmfb.com.ng/
NOR_ENOVA_001,Enova Business Energy Support,Enova SF,Norway,Europe,NOK,10000000.0,False,Financial,Renewable_Energy|Energy_Efficiency,,National,Norwegian businesses with projects reducing energy consumption by min 100000 kWh,Online application via Enova portal,https://enova.no/bedrift/,2026-02-06,Covers 25% of eligible costs up to 10000 NOK; projects must be located in Norway,Businesses,,,True,True,False,False,0,,0.0,0.0,Partial,0,0,,,2001,Climate and Energy Fund,Rolling,Norwegian,True,False,False,False,False,True,,,,False,False,False,False,False,False,False,,,,,,False,,,,https://enova.no/bedrift/
NOR_INNOV_001,Innovation Norway Export Growth Loan,Innovation Norway,Norway,Europe,NOK,25000000.0,True,Financial,Manufacturing|Export|All,60,International,Norwegian companies with international expansion plans,Application via Innovation Norway regional office,https://en.innovasjonnorge.no/article/export-and-international-markets,2026-02-06,10-25M NOK for working capital with light collateral; includes market insights and advisory,SMEs,,,False,True,False,True,0,,0.0,0.0,Partial,Variable,0,,,2004,Norwegian Government,Rolling,Norwegian|English,True,True,True,True,False,True,,,,False,False,False,False,False,False,False,,,,,,False,,,,https://en.innovasjonnorge.no/article/export-and-international-markets
NZ_BFGS_001,New Zealand Business Finance Guarantee Scheme,New Zealand Treasury,New Zealand,Pacific,NZD,500000.0,True,Financial,All,36,National,NZ businesses with annual revenue 250K-200M NZD,Application via participating banks,https://www.treasury.govt.nz/,2026-02-06,80% government guarantee; up to 500K NZD; 3-year term; COVID-19 recovery support,SMEs,,,False,False,False,False,0,,250000.0,200000000.0,Reduced,Variable,0,,,2020,New Zealand Government,2021-06-30,English,False,False,False,False,False,True,,,,False,False,False,False,False,False,False,,,,,,False,,,,https://www.treasury.govt.nz/
OM_RAFFD_001,Oman Al Raffd Fund SME Financing,Public Authority for SMEs Development Oman,Oman,Middle_East,OMR,200000.0,True,Financial,All,60,National,Omani youth entrepreneurs,Application via SME development authority,https://www.smeportal.unescwa.org/,2026-02-06,Different schemes: 200K OMR 150K OMR and 100K OMR programs; provides market knowledge and guidance,Youth|SMEs,,,False,False,False,False,0,100,0.0,0.0,Yes,Variable,0,,,2013,Omani Government,Rolling,Arabic|English,True,True,True,True,False,True,,,,False,False,False,False,False,False,False,,,,,,False,,,,https://www.smeportal.unescwa.org/
PE_COFIDE_001,Peru COFIDE MSME Social Bond Program,Corporacion Financiera de Desarrollo,Peru,Latin_America,PEN,100000000.0,True,Financial,All,60,National,Peruvian MSMEs via financial intermediaries,Application via COFIDE partner financial institutions,https://www.cofide.com.pe/,2026-02-06,300M USD social bond for MSMEs; promotes sustainable development; IDB supported,MSMEs,,,False,False,False,False,0,250,0.0,0.0,Yes,Variable,12,,,1971,IDB|Peruvian Government,Rolling,Spanish,True,False,False,False,True,True,,,,False,False,False,False,False,False,False,,,,,,False,,,,https://www.cofide.com.pe/
PH_DTI_001,Philippines Pondo sa Pagbabago at Pag-Asenso,Department of Trade and Industry Philippines,Philippines,Asia,PHP,200000.0,True,Microfinance,All,36,National,Filipino microenterprises registered with DTI or SEC,Application via DTI regional office,https://www.dti.gov.ph/negosyo/p3/,2026-02-06,5000-200000 PHP; 2.5% monthly interest; no processing fees,Microenterprises,,,False,False,False,False,0,10,0.0,0.0,Partial,2.5,0,,,2017,DTI,Rolling,Filipino|English,True,False,True,True,False,True,,,,False,False,False,False,False,False,False,,,,,,False,,,,https://www.dti.gov.ph/negosyo/p3/
PH_DTI_002,Philippines Women's Enterprise Fund,DTI Small Business Corporation,Philippines,Asia,PHP,20000000.0,True,Financial,All,36,National,Women-owned and women-led Filipino MSMEs,Application via SBCorp,https://sbcorp.gov.ph/,2026-02-06,Up to 20M PHP for women entrepreneurs; strengthened credit facility,Women_Entrepreneurs,,Women,False,False,False,False,0,200,0.0,0.0,Partial,Variable,0,,,2026,DTI|SBCORP,Rolling,Filipino|English,True,True,True,True,False,True,,,,False,False,False,False,False,False,False,,,,,,False,,,,https://sbcorp.gov.ph/
PK_PMYB_001,Pakistan PM Youth Business Loan Scheme,State Bank of Pakistan,Pakistan,Asia,PKR,10000000.0,True,Financial,Agriculture|All,36,National,Pakistani citizens aged 21-45 with entrepreneurial potential,Application via participating banks,https://www.sbp.org.pk/,2026-02-06,Tier 1: 3 years 5% interest; Tier 2: 5%; Tier 3: 7%; crop loans 1 year,Youth,21-45,,False,False,False,False,0,50,0.0,0.0,Partial,5,0,,,2013,Government of Pakistan,Rolling,Urdu|English,True,True,True,True,True,True,,,,False,False,False,False,False,False,False,,,,,,False,,,,https://www.sbp.org.pk/
PNG_MIBANK_001,Papua New Guinea MiBank Micro Enterprise Loan,MiBank PNG,Papua New Guinea,Pacific,PGK,15000.0,True,Microfinance,All,24,National,PNG small businesses with existing operations,Application via MiBank branch,https://www.mibank.com.pg/,2026-02-06,200-15000 PGK for micro enterprises; supports existing small businesses,Micro_Enterprises,,,False,False,False,False,0,10,0.0,0.0,Flexible,Variable,0,,,1994,Government|Private,Rolling,English|Tok Pisin,True,False,False,True,False,True,,,,False,False,False,False,False,False,False,,,,,,False,,,,https://www.mibank.com.pg/
PNG_NDB_001,Papua New Guinea NDB Micro Tutu Loan,National Development Bank PNG,Papua New Guinea,Pacific,PGK,5000.0,True,Microfinance,Agriculture|All,6,National,PNG poultry and small business operators,Application via NDB microfinance branches,https://www.ndb.com.pg/,2026-02-06,300-5000 PGK; no savings required; lump sum repayment after business cycle; poultry focus,Micro_Enterprises,,,False,False,False,False,0,5,0.0,0.0,Flexible,Variable,0,,,1967,PNG Government,Rolling,English|Tok Pisin,False,False,False,False,False,True,,,,False,False,False,False,False,False,False,,,,,,False,,,,https://www.ndb.com.pg/
PW_NDBP_001,National Development Bank of Palau Loans,National Development Bank of Palau,Palau,Pacific Islands,USD,100000.0,True,Financial/Loans,Business; Agriculture; Aquaculture; Tourism; Construction; Energy efficiency,120,National,Palau citizens and residents; Valid business registration; Business plan submission; Collateral documentation; 30% equity contribution,Download application forms from NDBP website; Submit completed application; NDBP loan committee review,https://ndevbpalau.com/,,Farm Loan Act 2013 provides agricultural/aquaculture business plan assistance; SBDC entrepreneurship training programs available,,,,False,False,False,False,,,,,Required - movable assets or land title,Subsidized rates for priority sectors,6,,,,,Ongoing,,False,False,False,False,False,True,Business loans and home loans; Agriculture/aquaculture support under Farm Loan Act 2013; Energy-efficient housing subsidies; Written business plan assistance,5000.0,100000.0,False,False,True,True,False,False,True,2026-02-06,1982-01-01,ndbp@palaunet.com,+680-488-2696,English,False,0%,2026-02-06,,https://ndevbpalau.com/
QA_QDB_001,Qatar Development Bank Direct Financing,Qatar Development Bank,Qatar,Middle_East,QAR,50000000.0,True,Financial,All,84,National,Qatari SMEs with min 51% Qatari shareholding,Online application via QDB portal,https://www.qdb.qa/,2026-02-06,Covers up to 60% of project costs; short and long-term loans; leasing; credit guarantees,SMEs,,,False,True,False,False,0,250,0.0,0.0,Yes,Variable,12,,,2008,Qatar Government,Rolling,Arabic|English,True,True,True,True,True,True,,,,False,False,False,False,False,False,False,,,,,,False,,,,https://www.qdb.qa/
QA_QDB_002,Qatar QDB Credit Guarantee Program,Qatar Development Bank,Qatar,Middle_East,QAR,100000000.0,True,Financial,All,60,National,All Qatar-based private sector companies with valid commercial license,Application via QDB Al-Dhameen program,https://www.qdb.qa/,2026-02-06,Helps SMEs with weak financials or insufficient collateral access bank financing; up to 80% guarantee,SMEs|Large_Enterprises,,,False,False,False,False,0,,0.0,0.0,Reduced,Variable,0,,,2011,Qatar Government,Rolling,Arabic|English,True,False,False,False,False,True,,,,False,False,False,False,False,False,False,,,,,,False,,,,https://www.qdb.qa/
RW_BDF_001,Rwanda Business Development Fund Guarantee,Business Development Fund Rwanda,Rwanda,Africa,RWF,500000000.0,True,Financial,Agriculture|All,60,National,Rwandan SMEs without sufficient collateral,Application via accredited financial institutions,https://www.lmis.rw/,2026-02-06,Max 500M RWF guarantee for agriculture; max 300M for other sectors; partial credit guarantee,SMEs,,,False,False,False,False,0,200,0.0,0.0,Reduced,Variable,0,,,2011,Government of Rwanda,Rolling,Kinyarwanda|English|French,True,False,True,True,False,True,,,,False,False,False,False,False,False,False,,,,,,False,,,,https://www.lmis.rw/
SA_MONSHAAT_001,Saudi Arabia MONSHAAT SME Support,Small and Medium Enterprises General Authority,Saudi Arabia,Middle_East,SAR,50000000.0,True,Financial,All,60,National,Saudi SMEs registered with MONSHAAT,Registration via MONSHAAT portal then apply with partner banks,https://www.monshaat.gov.sa/,2026-02-06,Aims to raise SME GDP contribution from 20% to 35%; various support schemes and financing programs,SMEs,,,False,True,False,False,0,250,0.0,0.0,Yes,Variable,0,,,2016,Saudi Government,Rolling,Arabic|English,True,True,True,True,True,True,,,,False,False,False,False,False,False,False,,,,,,False,,,,https://www.monshaat.gov.sa/
SB_DBSI_001,DBSI MSME Loan Guarantee Scheme,Development Bank of Solomon Islands,Solomon Islands,Pacific Islands,SBD,5000000.0,True,Financial/Loans,Agriculture; Fisheries; Tourism; Services; Manufacturing,60,National,Solomon Islands businesses in rural areas; Valid business registration; Micro/small/medium classification; Mobile money account for M-SELEN repayment,Apply through DBSI branches or M-SELEN digital platform; Submit business plan; MSME loan guarantee evaluation,https://dbsi.sb/msme-loan-guarantee-scheme/,,Historic SBD 3M agriculture credit facility launched with Ministry of Agriculture; M-SELEN digital integration Jan 2026; Rural area focus,,,,False,False,False,False,,,,,Reduced - 60% guarantee coverage,Subsidized rates for qualifying sectors,3,,,,,Ongoing,,False,False,False,False,False,True,MSME guarantee scheme with 60% coverage; M-SELEN mobile money integration for disbursement/repayment (zero fees); SBD 3M agriculture credit facility; Digital loan services,10000.0,5000000.0,False,False,True,False,False,False,True,2026-02-06,2019-01-01,info@dbsi.sb,+677-21-315,English,True,60%,2026-02-06,,https://dbsi.sb/msme-loan-guarantee-scheme/
SR_FINA_001,Finabank SME Facility,Finabank Suriname / IDB Invest,Suriname,Caribbean,SRD,75000000.0,True,Financial/Loans,Agriculture; Tourism; Manufacturing; Renewable energy; ICT; Financial services,60,National,Surinamese SMEs; High-potential sectors; Valid business registration; Financial statements; Collateral provision,Apply through Finabank branches; Submit business plan and financial documents; IDB Invest criteria apply,https://idbinvest.org/en/news-media/idb-invest-supports-finabank-strengthen-financing-small-enterprises-suriname,,Strengthens SME financing in Suriname; Economic growth focus; Small Enterprise Assistance Funds available for equity investments,,,,False,False,False,False,,,,,Required - varies by loan size,Market rate,3,,,,,Ongoing,,False,False,False,False,False,True,"IDB Invest senior loan up to USD 15M; Focus on high-potential SMEs; Key sectors: manufacturing, tourism, agribusiness, renewable energy, ICT; March 2025 partnership",5000.0,15000000.0,False,False,True,True,False,True,False,2026-02-06,2025-03-01,info@finabank.sr,+597-472-949,Dutch,False,0%,2026-02-06,,https://idbinvest.org/en/news-media/idb-invest-supports-finabank-strengthen-financing-small-enterprises-suriname
SWE_ALMI_001,Almi Business Loan,Almi Företagspartner AB,Sweden,Europe,SEK,50000000.0,True,Financial,All,60,National,Swedish SMEs up to 250 employees,Contact Almi adviser for free consultation,https://www.almi.se/en/loan/business-loan/,2026-02-06,No upper limit; typically 250000 SEK to several million SEK; 30-50% co-financing with bank,SMEs,,,False,False,False,False,0,250,0.0,50000000.0,Yes,Variable,0,,,1994,Swedish Government,Rolling,Swedish,True,True,True,False,True,True,,,,False,False,False,False,False,False,False,,,,,,False,,,,https://www.almi.se/en/loan/business-loan/
SWE_VINNOVA_001,Impact Innovation Start/Scale,Vinnova,Sweden,Europe,SEK,1000000.0,False,Financial,Clean_Energy|Climate_Tech,12,National,Swedish SMEs 3-249 employees with two annual reports,Online application via Vinnova e-service with Word template,https://www.vinnova.se/en/calls-for-proposals/impact-innovation-startups/,2026-02-06,Up to 1M SEK; 80% aid intensity for small (3-49 FTE) and 50% for medium (50-249 FTE) companies,SMEs,,,True,True,False,False,3,249,,,No,0,0,,,2021,Vinnova|Energy Agency|Formas,2024-04-23,Swedish,True,False,True,False,False,True,,,,False,False,False,False,False,False,False,,,,,,False,,,,https://www.vinnova.se/en/calls-for-proposals/impact-innovation-startups/
TH_SMEBANK_001,Thailand SME Bank Partner Loan,SME Development Bank Thailand,Thailand,Asia,THB,100000000.0,True,Financial,All,60,National,Thai SMEs and mid-tier firms,Application via SME Bank branch,https://www.smebank.co.th/en/,2026-02-06,3% annual interest rate; 20B THB total fund; applications until Dec 2026,SMEs,,,False,False,False,False,0,250,0.0,0.0,Partial,3,0,,,2002,Thai Government,2026-12-30,Thai|English,True,False,True,False,False,True,,,,False,False,False,False,False,False,False,,,,,,False,,,,https://www.smebank.co.th/en/
TH_SMEBANK_002,Thailand SME Green Productivity Scheme,SME Development Bank Thailand,Thailand,Asia,THB,10000000.0,True,Financial,Clean_Energy|Manufacturing,36,National,Thai SMEs investing in clean energy and carbon reduction,Application via SME Bank,https://www.smebank.co.th/en/,2026-02-06,Loan limit 10M THB per borrower; extended until 2026; tripled from original limit,SMEs,,,True,True,False,False,0,250,0.0,0.0,Yes,Variable,0,,,2023,Thai Government,2026-12-30,Thai|English,True,False,False,False,False,True,,,,False,False,False,False,False,False,False,,,,,,False,,,,https://www.smebank.co.th/en/
TJ_FINCA_001,FINCA Tajikistan Agriculture Loans,FINCA Microfinance Tajikistan,Tajikistan,Central Asia,TJS,100000.0,True,Financial/Loans,Agriculture; Livestock; Agro-processing,36,National,Farmers and agricultural businesses; Minimum 1 year operational history; Valid business registration,Online application or branch visit; Provide agricultural business plan; Fast approval process,https://finca.tj/en/borrow/loans-for-agricultural-development/,,ADB $10M local currency loan for green SME financing; Focus on livestock digitalization,,,,False,False,False,False,,,,,Flexible collateral - crop/livestock as security,18-22% per annum,3,,,,,Ongoing,,False,False,False,False,False,True,Swift application process; Tailored for agriculture sector; Support for women and rural entrepreneurs; ADB green financing support,5000.0,100000.0,True,False,True,True,False,False,False,2026-02-06,2018-01-01,info@finca.tj,+992-37-221-03-03,"Tajik, Russian, English",True,0%,2026-02-06,,https://finca.tj/en/borrow/loans-for-agricultural-development/
TM_GOVT_001,Turkmenistan Concessional SME Lending,Government of Turkmenistan / Central Bank,Turkmenistan,Central Asia,TMT,20000.0,True,Financial/Loans,Agriculture; Manufacturing; Services; Youth entrepreneurship,36,National,Turkmen citizens; Business registration; Clean credit record; Young families (age 18-35 for youth program),Apply through state banks; Submit business plan and collateral documents; Government approval required,https://business.com.tm/post/14909/turkmenistan-implements-comprehensive-concessional-lending-system,,Part of 2026 socio-economic program; $38B national budget allocation,,,,False,False,False,False,,,,,Varies by loan type - unsecured for youth up to 20K TMT,1-3% subsidized rate,0,,,,,Ongoing,,False,False,False,False,False,True,Unsecured loans for young families up to 20K TMT at 1% for 3 years; Focus on agriculture and SME sectors; National 2022-2028 development plan,5000.0,20000.0,False,True,True,False,False,False,True,2026-02-06,2024-01-01,info@cbt.tm,+993-12-40-63-63,"Turkmen, Russian",False,0%,2026-02-06,,https://business.com.tm/post/14909/turkmenistan-implements-comprehensive-concessional-lending-system
TO_TDB_001,Tonga Development Bank Agriculture Loans,Tonga Development Bank,Tonga,Pacific Islands,TOP,500000.0,True,Financial/Loans,Agriculture; Livestock; Cropping; Plantation,180,National,Tonga residents age 18+; Minimum 2 acres established crops maintained satisfactorily; Crops owned by principal borrower; Acceptable credit history; 50% salary repayment within 3 years,Apply online at tdb.to or visit branch; Submit application with collateral documents; Loan committee approval,https://tdb.to/loans-agriculture-croppingplantation/,,Government Development Loans at 1% for agriculture/livestock relief; Women's SME (WSME) Financing Scheme launched by MBf Bank (ADB/JICA support),,,,False,False,False,False,,,,,Required - land/crops as collateral,Variable - Government 1% loans available for qualifying projects,6,,,,,Ongoing,,False,False,False,False,False,True,Cropping and plantation loans; Micro-loans for small-scale farming; Government-managed 1% relief loans (12-month period); Women's groups and individuals eligible,5000.0,500000.0,True,False,True,False,False,False,True,2026-02-06,1977-01-01,info@tdb.to,+676-23-333,English,True,0%,2026-02-06,,https://tdb.to/loans-agriculture-croppingplantation/
TT_NEDCO_001,NEDCO SME Financing Facility,National Entrepreneurial Development Company,Trinidad and Tobago,Caribbean,TTD,500000.0,True,Financial/Loans,Manufacturing; Services; Agriculture; Tourism; Technology,60,National,Trinidad & Tobago citizens; Business plan required; BIR number; Compliance with legal requirements; More than 50% ownership for existing businesses,Visit NEDCO office or download forms online; Business Relationship Officer consultation; Submit completed application with supporting documents,https://www.nedco.gov.tt/services/loan/loan-application,,MSB Grant Scheme for micro businesses in Tobago; State enterprise under Ministry of Finance,,,,False,False,False,False,,,,,Required - movable and immovable assets,8% simple interest fixed,0,,,,,Ongoing,,False,False,False,False,False,True,Up to TTD 250K for first-time borrowers; Up to TTD 500K for repeat borrowers; Business training and entrepreneurial support services; Grant schemes available,10000.0,500000.0,False,False,False,False,False,True,True,2026-02-06,2000-01-01,info@nedco.gov.tt,+1-868-625-8463,English,True,0%,2026-02-06,,https://www.nedco.gov.tt/services/loan/loan-application
TZ_WMI_001,Women's Microfinance Initiative Tanzania,Women's Microfinance Initiative,Tanzania,Africa,USD,250.0,False,Microfinance,All,6,National,Tanzanian women entrepreneurs,Group application via WMI field office,https://wmionline.org/features.php,2026-02-06,100-250 USD; no collateral for first loan; 10% flat interest; 6-month term,Women_Entrepreneurs,,Women,False,False,False,False,0,10,0.0,0.0,No,10,0,,,2004,NGO|Donors,Rolling,Swahili|English,True,False,True,True,False,True,,,,False,False,False,False,False,False,False,,,,,,False,,,,https://wmionline.org/features.php
UK_UKEF_001,UK Export Development Guarantee,UK Export Finance,United Kingdom,Europe,GBP,25000000.0,True,Financial,Export|Manufacturing|All,60,International,UK companies with 20%+ export sales,Application via UKEF contact form,https://www.ukexportfinance.gov.uk/products-and-services/export-development-guarantee/,2026-02-06,80% guarantee to lenders; facilities over 25M GBP; requires credible business plan showing export development,SMEs|Mid-caps,,,False,False,False,True,0,,,0.0,Yes,Variable,0,,,1919,UK Government,Rolling,English,True,False,True,False,False,True,,,,False,False,False,False,False,False,False,,,,,,False,,,,https://www.ukexportfinance.gov.uk/products-and-services/export-development-guarantee/
USA_AWS_002,AWS Activate Portfolio Package,Amazon Web Services,United States,North_America,USD,100000.0,False,Technical_Resources,Technology|SaaS,24,International,Startups pre-series B with accelerator/VC association,Online application via AWS Activate portal,https://aws.amazon.com/activate/,2026-02-06,Up to 100K USD credits; requires 250K USD institutional funding; 10-year company age limit,Startups,,,False,True,True,False,0,50,0.0,0.0,No,0,0,,,2013,Amazon,Rolling,English,True,True,True,False,False,True,,,,False,False,False,False,False,False,False,,,,,,False,,,,https://aws.amazon.com/activate/
USA_GOOGLE_001,Google for Startups Cloud Program,Google,United States,North_America,USD,200000.0,False,Technical_Resources,Technology|AI,24,International,Tech startups under 5 years old,Online application via Google for Startups portal,https://startup.google.com/cloud/,2026-02-06,Credits 2000-200000 USD (up to 250000 with AI tier); includes mentorship from Google/DeepMind teams,Startups,,,False,True,True,False,0,50,0.0,0.0,No,0,0,,,2011,Google,Rolling,English,True,True,True,False,False,True,,,,False,False,False,False,False,False,False,,,,,,False,,,,https://startup.google.com/cloud/
USA_MSFT_001,Microsoft for Startups Azure Credits,Microsoft Corporation,United States,North_America,USD,150000.0,False,Technical_Resources,Technology|AI,24,International,Startups new to Azure with Microsoft account,Online application via Microsoft portal,https://www.microsoft.com/startups/,2026-02-06,5K-150K USD credits; no investor funding required; includes 1K 90-day starter credit,Startups,,,False,True,True,False,0,50,0.0,0.0,No,0,0,,,2016,Microsoft,Rolling,English,True,True,True,False,False,True,,,,False,False,False,False,False,False,False,,,,,,False,,,,https://www.microsoft.com/startups/
UY_IDB_001,Uruguay Innovation and Entrepreneurship Loan,Inter-American Development Bank,Uruguay,Latin_America,USD,45000000.0,True,Financial,Innovation|Technology,294,National,Uruguayan innovative enterprises and startups with min 200K USD investment,Application via Uruguay innovation agencies,https://www.iadb.org/,2026-02-06,45M USD IDB loan; 24.5-year term; 6-year grace period; SOFR-based interest,Startups|SMEs,,,False,True,False,False,0,200,200000.0,0.0,Yes,Variable,72,,,2022,IDB,Rolling,Spanish|English,True,True,True,True,False,True,,,,False,False,False,False,False,False,False,,,,,,False,,,,https://www.iadb.org/
UZ_WBAF_001,Access to Finance for Jobs and Growth,World Bank / Government of Uzbekistan,Uzbekistan,Central Asia,USD,100000000.0,True,Financial/Loans,Manufacturing; Services; Trade; Agriculture,60,National,SMEs operational for at least 12 months; Annual turnover under $5 million; Registered with tax authorities,Apply through participating banks; Submit business plan and financial projections; Bank evaluation within 45 days,https://www.worldbank.org/en/news/press-release/2025/12/15/improved-access-to-finance-to-help-7000-businesses-in-uzbekistan-grow-and-create-jobs,,World Bank $100M loan + $5M grant; Preferential terms for rural entrepreneurs,,,,False,False,False,False,,,,,Flexible - reduced collateral requirements,Market rate minus subsidy component,6,,,,,2028-12-31,,False,False,False,False,False,True,Targets 7000 businesses; Guarantee coverage for participating banks; Focus on remote regions with 1.5-5B soums refinancing,1500000.0,5000000000.0,True,True,True,False,False,False,True,2026-02-06,2026-01-01,contact@mf.uz,+998-71-239-13-11,"Uzbek, Russian, English",True,50%,2026-02-06,,https://www.worldbank.org/en/news/press-release/2025/12/15/improved-access-to-finance-to-help-7000-businesses-in-uzbekistan-grow-and-create-jobs
VN_SME_001,Vietnam SME Development Support Fund,State Bank of Vietnam,Vietnam,Asia,VND,150000000000.0,True,Financial,Technology|Manufacturing|All,84,National,Vietnamese SMEs improving technology and IP,Application via participating commercial banks,https://vir.com.vn/,2026-02-06,1.2-4.4% preferential interest rates; max 7-year tenor; 2-year grace period; max 150B VND,SMEs,,,False,True,False,False,0,200,0.0,0.0,Yes,1.2,24,,,2019,State Budget,Rolling,Vietnamese,True,False,False,False,True,True,,,,False,False,False,False,False,False,False,,,,,,False,,,,https://vir.com.vn/
ZA_SEFA_001,SEFA Township and Rural Entrepreneurship Programme,Small Enterprise Finance Agency,South Africa,Africa,ZAR,1000000.0,True,Financial,All,60,National,South African township and rural entrepreneurs,Application via SEFA regional office,https://www.sefa.org.za/products/township-and-rural-entrepreneurship-programme-trep-2,2026-02-06,50000-1M ZAR for working capital CAPEX or equipment; 70% SA ownership and employees required,SMEs,,,False,False,False,False,0,200,0.0,50000000.0,Partial,Variable,6,,,2012,South African Government|IDC,Rolling,English,True,True,True,True,False,True,,,,False,False,False,False,False,False,False,,,,,,False,,,,https://www.sefa.org.za/products/township-and-rural-entrepreneurship-programme-trep-2
